{"cameraMode":{"drawMode":0,"name":"Shaded","section":"Shading Mode"},"sceneLighting":true,"audioPlay":false,"sceneViewState":{"m_AlwaysRefresh":false,"showFog":true,"showSkybox":true,"showFlares":true,"showImageEffects":false,"showParticleSystems":true,"showVisualEffectGraphs":true,"m_FxEnabled":true},"in2DMode":false,"pivot":{"x":-17.598695755004884,"y":-71.80130004882813,"z":-127.43829345703125},"rotation":{"x":0.016541076824069024,"y":-0.9674562215805054,"z":0.2438400387763977,"w":0.06569191813468933},"size":82.18447875976563,"orthographic":false}