{"cameraMode":{"drawMode":0,"name":"Shaded","section":"Shading Mode"},"sceneLighting":true,"audioPlay":false,"sceneViewState":{"m_AlwaysRefresh":false,"showFog":true,"showSkybox":false,"showFlares":true,"showImageEffects":false,"showParticleSystems":true,"showVisualEffectGraphs":true,"m_FxEnabled":true},"in2DMode":false,"pivot":{"x":25.894428253173829,"y":-184.33645629882813,"z":295.9248962402344},"rotation":{"x":-0.34047359228134158,"y":-0.05327686667442322,"z":0.019329024478793145,"w":-0.938556969165802},"size":156.44728088378907,"orthographic":false}