{"cameraMode":{"drawMode":0,"name":"Shaded","section":"Shading Mode"},"sceneLighting":false,"audioPlay":false,"sceneViewState":{"m_AlwaysRefresh":false,"showFog":false,"showSkybox":false,"showFlares":false,"showImageEffects":false,"showParticleSystems":false,"showVisualEffectGraphs":true,"m_FxEnabled":true},"in2DMode":false,"pivot":{"x":0.3827294111251831,"y":1.3088679313659669,"z":-0.44856083393096926},"rotation":{"x":0.16981516778469087,"y":-0.3334748148918152,"z":0.061199016869068149,"w":0.9253252148628235},"size":1.1311557292938233,"orthographic":false}