{"cameraMode":{"drawMode":0,"name":"Shaded","section":"Shading Mode"},"sceneLighting":false,"audioPlay":false,"sceneViewState":{"m_AlwaysRefresh":false,"showFog":false,"showSkybox":false,"showFlares":false,"showImageEffects":false,"showParticleSystems":false,"showVisualEffectGraphs":true,"m_FxEnabled":true},"in2DMode":false,"pivot":{"x":-0.40818095207214358,"y":-0.018401026725769044,"z":0.43666231632232668},"rotation":{"x":0.09514706581830979,"y":-0.8928039073944092,"z":0.2241697460412979,"w":0.37894415855407717},"size":2.1073949337005617,"orthographic":false}