{"cameraMode":{"drawMode":0,"name":"Shaded","section":"Shading Mode"},"sceneLighting":false,"audioPlay":false,"sceneViewState":{"m_AlwaysRefresh":false,"showFog":true,"showSkybox":false,"showFlares":true,"showImageEffects":false,"showParticleSystems":true,"showVisualEffectGraphs":true,"m_FxEnabled":true},"in2DMode":false,"pivot":{"x":0.44088053703308108,"y":1.1744301319122315,"z":3.0943095684051515},"rotation":{"x":0.16981516778469087,"y":-0.3334748148918152,"z":0.061199016869068149,"w":0.9253252148628235},"size":1.131155014038086,"orthographic":false}